{"MD":{"COM":false,"MaxTime":1000.0,"MaxTopoDiff":15,"Q":"2.832554|28.325541|283.255410 ","T":298.15,"average_Ekin":1707189.7402740729,"average_Epot":1868580.1630626726,"average_Etot":926.0501627548282,"average_T":35939198566.50897,"average_Virial":0.0,"average_Wall":0.0,"chainlength":3,"coupling":10.0,"currentStep":200.0,"dT":1.0,"eta":0.0,"geometry":"-nan|-nan|-nan|-nan|-nan|-nan|-nan|-nan|-nan|-nan|-nan|-nan|-nan|-nan|-nan|-nan|-nan|-nan|-nan|-nan|-nan|-nan|-nan|-nan|-nan|-nan|-nan|-nan|-nan|-na","gradient":"0.574425|-85.808318|0.481636|0.995465|886.890644|-1.753299|4.958135|-1335.262714|72.766853|-7.795482|860.656373|-41.954469|-0.064192|-24.833213|2.347648|-0.150986|-24.844686|2.299441|-23.746863|-116.888610|63.182536|21.138966|-133.497677|-85.206125|7.015971|-102.999982|-19.138887|-2.925438|76.588183|6.97466","impuls":0.0,"impuls_scaling":0.75,"method":"uff","mtd":false,"nocenter":false,"rattle":0,"rattle_dynamic_tol_iter":100,"rattle_maxiter":100,"respa":1,"rm_COM":100.0,"rmrottrans":3,"rmsd_mtd":false,"seed":1779111033,"thermostat":"csvr","velocities":"-nan|-nan|-nan|-nan|-nan|-nan|-nan|-nan|-nan|-nan|-nan|-nan|-nan|-nan|-nan|-nan|-nan|-nan|-nan|-nan|-nan|-nan|-nan|-nan|-nan|-nan|-nan|-nan|-nan|-na","xi":"0.000000|9.000000|99.000000 "}}
