{"MD":{"COM":false,"MaxTime":1000.0,"MaxTopoDiff":15,"Q":"2.832554|28.325541|283.255410 ","T":298.15,"average_Ekin":19886.601887564382,"average_Epot":25776.14294872614,"average_Etot":926.0503398227061,"average_T":418646221.4419988,"average_Virial":0.0,"average_Wall":0.0,"chainlength":3,"coupling":10.0,"currentStep":100.0,"dT":1.0,"eta":0.0,"geometry":"-nan|-nan|-nan|-nan|-nan|-nan|-nan|-nan|-nan|-nan|-nan|-nan|-nan|-nan|-nan|-nan|-nan|-nan|-nan|-nan|-nan|-nan|-nan|-nan|-nan|-nan|-nan|-nan|-nan|-na","gradient":"11.826287|0.953014|1.962163|-52.069677|16.368458|-15.712613|44.245402|-2.738666|16.436106|21.383468|-0.107414|22.211944|-0.401143|0.129479|0.072993|-0.315845|0.301595|-0.029107|17.441858|-42.388462|5.241966|2.908320|10.408358|-2.344982|-36.100545|16.684638|-28.121209|-8.918126|0.388999|0.28273","impuls":0.0,"impuls_scaling":0.75,"method":"uff","mtd":false,"nocenter":false,"rattle":0,"rattle_dynamic_tol_iter":100,"rattle_maxiter":100,"respa":1,"rm_COM":100.0,"rmrottrans":3,"rmsd_mtd":false,"seed":1779110933,"thermostat":"csvr","velocities":"-nan|-nan|-nan|-nan|-nan|-nan|-nan|-nan|-nan|-nan|-nan|-nan|-nan|-nan|-nan|-nan|-nan|-nan|-nan|-nan|-nan|-nan|-nan|-nan|-nan|-nan|-nan|-nan|-nan|-na","xi":"0.000000|9.000000|99.000000 "}}
