{"MD":{"COM":false,"MaxTime":1000.0,"MaxTopoDiff":15,"Q":"2.832554|28.325541|283.255410 ","T":298.15,"average_Ekin":21776.15439449084,"average_Epot":28199.041746378956,"average_Etot":926.0487111358958,"average_T":458424461.16910356,"average_Virial":0.0,"average_Wall":0.0,"chainlength":3,"coupling":10.0,"currentStep":100.0,"dT":1.0,"eta":0.0,"geometry":"-nan|-nan|-nan|-nan|-nan|-nan|-nan|-nan|-nan|-nan|-nan|-nan|-nan|-nan|-nan|-nan|-nan|-nan|-nan|-nan|-nan|-nan|-nan|-nan|-nan|-nan|-nan|-nan|-nan|-na","gradient":"10.360664|-5.395640|3.133803|-56.357738|32.977539|-3.820544|55.397417|28.401559|0.733084|50.835479|47.546277|-3.617491|0.937995|-0.882839|-0.079196|1.023465|-0.703933|-0.023185|22.595745|-43.476351|-6.983558|7.616516|18.210454|-0.234624|-81.206712|-73.054180|7.329405|-11.202832|-3.622886|3.56230","impuls":0.0,"impuls_scaling":0.75,"method":"uff","mtd":false,"nocenter":false,"rattle":0,"rattle_dynamic_tol_iter":100,"rattle_maxiter":100,"respa":1,"rm_COM":100.0,"rmrottrans":3,"rmsd_mtd":false,"seed":1779110933,"thermostat":"csvr","velocities":"-nan|-nan|-nan|-nan|-nan|-nan|-nan|-nan|-nan|-nan|-nan|-nan|-nan|-nan|-nan|-nan|-nan|-nan|-nan|-nan|-nan|-nan|-nan|-nan|-nan|-nan|-nan|-nan|-nan|-na","xi":"0.000000|9.000000|99.000000 "}}
