{"MD":{"COM":false,"MaxTime":1000.0,"MaxTopoDiff":15,"Q":"2.832554|28.325541|283.255410 ","T":298.15,"average_Ekin":11825.946612356394,"average_Epot":16122.351337545246,"average_Etot":926.0487078939061,"average_T":248955949.95209974,"average_Virial":0.0,"average_Wall":0.0,"chainlength":3,"coupling":10.0,"currentStep":200.0,"dT":1.0,"eta":0.0,"geometry":"-nan|-nan|-nan|-nan|-nan|-nan|-nan|-nan|-nan|-nan|-nan|-nan|-nan|-nan|-nan|-nan|-nan|-nan|-nan|-nan|-nan|-nan|-nan|-nan|-nan|-nan|-nan|-nan|-nan|-na","gradient":"-3.790330|-1.729389|2.551987|11.165532|38.297856|-17.476338|16.090611|-56.377534|-15.939981|27.330599|-5.553207|3.203188|-0.394491|0.107259|-0.304494|-0.341556|0.154869|-0.459224|-0.225525|0.891427|0.274790|-1.981369|10.132897|18.293923|-42.814302|9.621694|4.263372|-5.039169|4.454127|5.59277","impuls":0.0,"impuls_scaling":0.75,"method":"uff","mtd":false,"nocenter":false,"rattle":0,"rattle_dynamic_tol_iter":100,"rattle_maxiter":100,"respa":1,"rm_COM":100.0,"rmrottrans":3,"rmsd_mtd":false,"seed":1779111033,"thermostat":"csvr","velocities":"-nan|-nan|-nan|-nan|-nan|-nan|-nan|-nan|-nan|-nan|-nan|-nan|-nan|-nan|-nan|-nan|-nan|-nan|-nan|-nan|-nan|-nan|-nan|-nan|-nan|-nan|-nan|-nan|-nan|-na","xi":"0.000000|9.000000|99.000000 "}}
