{"MD":{"COM":false,"MaxTime":1000.0,"MaxTopoDiff":15,"Q":"2.832554|28.325541|283.255410 ","T":298.15,"average_Ekin":12378.77624694966,"average_Epot":16728.677540952995,"average_Etot":926.0488187613272,"average_T":260593938.12786564,"average_Virial":0.0,"average_Wall":0.0,"chainlength":3,"coupling":10.0,"currentStep":200.0,"dT":1.0,"eta":0.0,"geometry":"-nan|-nan|-nan|-nan|-nan|-nan|-nan|-nan|-nan|-nan|-nan|-nan|-nan|-nan|-nan|-nan|-nan|-nan|-nan|-nan|-nan|-nan|-nan|-nan|-nan|-nan|-nan|-nan|-nan|-na","gradient":"-0.846991|1.382247|11.789348|-30.350242|26.000113|-8.681030|50.090831|-16.421316|-15.785451|-27.581425|2.499672|2.217414|-1.377220|0.345422|-1.961180|0.016498|-2.611507|-6.836628|8.218904|3.203662|-6.820193|-16.161119|-14.811660|8.015245|15.396773|0.268006|16.691125|2.593991|0.145359|1.37135","impuls":0.0,"impuls_scaling":0.75,"method":"uff","mtd":false,"nocenter":false,"rattle":0,"rattle_dynamic_tol_iter":100,"rattle_maxiter":100,"respa":1,"rm_COM":100.0,"rmrottrans":3,"rmsd_mtd":false,"seed":1779111033,"thermostat":"csvr","velocities":"-nan|-nan|-nan|-nan|-nan|-nan|-nan|-nan|-nan|-nan|-nan|-nan|-nan|-nan|-nan|-nan|-nan|-nan|-nan|-nan|-nan|-nan|-nan|-nan|-nan|-nan|-nan|-nan|-nan|-na","xi":"0.000000|9.000000|99.000000 "}}
